{
  "n_test": 36,
  "threshold": 0.5,
  "accuracy": 0.7222222222222222,
  "precision": 0.5,
  "recall": 0.1,
  "f1": 0.16666666666666666,
  "roc_auc": 0.6076923076923078,
  "confusion_matrix": {
    "true_negative": 25,
    "false_positive": 1,
    "false_negative": 9,
    "true_positive": 1
  }
}