{
  "n_test": 36,
  "threshold": 0.4,
  "accuracy": 0.5555555555555556,
  "precision": 0.36363636363636365,
  "recall": 0.8,
  "f1": 0.5,
  "roc_auc": 0.6076923076923078,
  "confusion_matrix": {
    "true_negative": 12,
    "false_positive": 14,
    "false_negative": 2,
    "true_positive": 8
  }
}